  ,chain_2,chain_1_seq,chain_2_seq
7SBB_chain_X,7SBB_chain_Z,AGGCAUUGAAAGCGACCACCAGGGGCACAACAA,ACUGAAACGAUUGUUGUGCCCCUGGCGGUCGCUUUCAAUGCCU
7V01_chain_G,7V01_chain_U,ACGAGAACACGUAUGCCGAAGUAUAUAAAU,AUUUAUAUACUUCGGCUACGUGUUC
7WAH_chain_R,7WAH_chain_D,GUGAUGUCACGGAACCUUUGUUGUCUUCGACAUGGGUAA,UACCCAUGUCGAAGACAACAAAG
7XSS_chain_A,7XSS_chain_D,GGGGCAGAAAAUUGGACGAU,GACUUAAUGUCACGGUACCCAAUUUUCUGCCCCG
7XT4_chain_a,7XT4_chain_r,GGGGCAGAAAAUUGGGUACCG,GACUUAAUGUCACGGUACCCAAUUUUCUGCCCCG
7Y83_chain_B,7Y83_chain_C,GACUUAAUGUCACGGUACCCAAUUUUCUGCCCCGGA,UCCGGGGCAGAAAAUUGGCAUGG
7YNA_chain_B,7YNA_chain_C,UUGAUGUCACGGAACAGGAACUUGAACAACAUCGUUAC,UAGUAACGAUGUUGUUCAAGUUCCU
6IFL_chain_I,6IFL_chain_J,ACGGAAACGCUUUCUAGCUCGCUAUAAUUACCCAU,AAUGGGUAAUUAUAGCGAGCUAGAAAGCGUUUCCG
6NUD_chain_H,6NUD_chain_U,ACGGAAACUUUCGUAACUGUUUAAUUCUGUUCACUUAUUC,AAGUGAACAGAAUUAAACAGUUACGAAA
6O1O_chain_M,6O1O_chain_N,UGCGACCCGUAGAUAAGGCGCCCGGGGACGACCACG,UGACGUGGUCGUCCCCGGGCGCCUUAUCUA
6O7H_chain_G,6O7H_chain_H,GUGGAAAGGCGGGCAGAGGCGGUUUGC,GCAAACCGCCUCUGCCCGCG
6S91_chain_U,6S91_chain_V,GUUAAGUCUGGUUUCCCUCCAGGGUAUCUAAGUUGA,AUUGAAAGUUCAAAGCUUAGAUACCCUGGAGGGAAACCAGACUUAACA
6G7Z_chain_A,6G7Z_chain_B,CAUCCGGUAUCCCAAGACAUCUUCGGGUGGGUUGGGAAGUAUCAUGGCUAAUCACCAUGAUGCAAUCGGGUUGAACACUUAAUUGGGUUAAAACGGUGGGGGACGAUCCCGUAACAUCCGUCCUAACGGCGA,GACUGCACGGCCCUGCCUCAGGUGUGUUCAAUGAACAGUCGUUCCGAAAGGAAG
8I3Z_chain_A,8I3Z_chain_B,AGAGCGUUGCGUCCGAAAGUCGCC,GCGACACGGCUCUUUAAAAACAAAAGGAGAA
8T2P_chain_A,8T2P_chain_B,GACCAAUCUGCCCUCAGAGCUCGAGAACAUCUUCGGAUGCAGAGGAGGCAGGCUUCGGUGGCGCGAUAGCGCCAACGUCCUCAACCUCCAAUGCAUCCCACCACAUGAUGAUGCCUGAAGAGCCUUGGUUUUUUG,GGAUCUUCUCGAUCUAACAAAAAAGACAAAUCUGCCACAAAGCUUGAGAGCAUCUUCGGAUGCAGAGGCGGCAGCCUUCGGUGGCGCGAUAGCGCCAACGUUCUCAACUAUGACACGCAAAACGCGUGCUCCGUUGAAUGGAGUUUAUCAUG
