chian_1,chain_2,chain_1_seq,chain_2_seq
2IL9_chain_A,2IL9_chain_M,CUGACUAUGUGAUCUUAUUAAAAUUAGGUUAAACGAGGUUAAAAAUAGUUUUAAUAUUGCUAUAGUAGAGGUCUUGCGAAAGCUUACCACACAAGAUGGACCGGAGCGAAAGCUCCAAUAUCUAGUGUACCCUCG,CUGACUAUGUGAUCUUAUUAAAAUUAGGUUAAAUCGAGGUUAAAAAUAGUUUUAAUAUUGCUAAGAGGUCUUGCGAAAGCUUACCACACAAGAUGGACCGGAGCGAAAGCUCCAAUAUCUAGUGUACCCUCG
2L1F_chain_A,2L1F_chain_B,GGCGGACCCGUGGUGGAACAGACGUGUUCGGAACACCCGGCCGCAACCCUGGGAGACGUCCCAGG,GGCGGACCCGUGGUGGAACAGACGUGUUCGGAACACCCGGCCGCAACCCUGGGAGACGUCCCAGGG
7KGA_chain_A,7KGA_chain_B,GGGGGCCAGAUGUCAUGUCUCUCAAGCCUAGGAGACACUAGACACUCUGGACUAUCGGUUAGAGGAAACCCCCCCAAAAAUGUAUAGGC,GGGGGCCAGAUGUCAUGUCUCUCAAGCCUAGGAGACACUAGACACUCUGGACUAUCGGUUAGAGGAAACCCCCCCAAAAAUGUAUAGGCU
2ADT_chain_A,2ADT_chain_B,GGGAUAUGGAAGAACCGGGGAAACUUGGUUCUUCCUAAGUCCU,GGGAUAUGGAAGAACCGGGGAAACUUGGUUCUUCCUAAGUCCU
6V9D_chain_B,6V9D_chain_E,AUCGAGGGAGUGGUGAGGAUGAGGCGAU,AUCGAGGGAGUGGUGAGGAUGAGGCGA
6ZDU_chain_C,6ZDU_chain_D,GGCAAGGGCUUCCCGAAUUGUGGAUAGUUCAAUACUCGAAAAAAUUGGAAGUAGGGUAUGUUGCC,GGCAAGGGCUUCCCGAAUUGUGGAUAGUUCAAUACUCGAAAAAAUUGGAAGUAGGGUAUGUUGCC
1DZ5_chain_C,1DZ5_chain_D,GAGACAUUGCACCCGGAGUCUC,GAGACAUUGCACCCGGAGUCUC
6JQ5_chain_A,6JQ5_chain_B,UUACUGUGAGAAUCAGUAACAAACAUGUGGGGCUUAUAUCUAAUCGAAAGAUUAGUAUUAGUGCAGACGUUAAAACCAUGUC,UUACUGUGAGAAUCAGUAACAAACAUGUGGGGCUUAUAUCUAAUCGAAAGAUUAGUAUUAGUGCAGACGUUAAAACCAUGU
7JJU_chain_A,7JJU_chain_B,GGAACUAGCUCAGCAUACACGAGUUGCAAGCAUGGGAAGUUCAAGCCUCGU,GGAACUAGCUCAGCAUACACGAGUUGCAAGCAUGGGAAGUUCAAGCCUCGU
7JRR_chain_A,7JRR_chain_A-2,GGACGGGAGCUGAACCAUCCAGCGAAGAACGUCCCGACGGAUGGUUCGUCG,GGACGGGAGCUGAACCAUCCAGCGAAGAACGUCCCGACGGAUGGUUCGUCG
7JRS_chain_A,7JRS_chain_B,GGACGCGGUAGCGAAGAACCAUCGACUGCGACUUAGCGAGCCUGCCCUGGCAGUGGGAGCCUGAAGCAGGCACGGGCGAAGAACACUGUCAGGUCGCUGAGUCGGCGUCCCAGUUGAUGGGGAGCUACC,GGACGCGGUAGCGAAGAACCAUCGACUGCGACUUAGCGAGCCUGCCCUGGCAGUGGGAGCCUGAAGCAGGCACGGGCGAAGAACACUGUCAGGUCGCUGAGUCGGCGUCCCAGUUGAUGGGGAGCUACC
7JRT_chain_A,7JRT_chain_B,GGAUAUUCGACGGAGGCACCCAGGAACUACCGUUGAAGCUCGCACGACGGCCUGGGGUCGAGUAUCCCGGUAUUUGUCGCGAGCACUGAGGAACUACUGCUGAAGCCUCCACGGCAGCCUCAGGACAAGUACCG,GGAUAUUCGACGGAGGCACCCAGGAACUACCGUUGAAGCUCGCACGACGGCCUGGGGUCGAGUAUCCCGGUAUUUGUCGCGAGCACUGAGGAACUACUGCUGAAGCCUCCACGGCAGCCUCAGGACAAGUACCG
5GIO_chain_G,5GIO_chain_H,GGGAGUCUUGUGAUGAAACACUCAUGGUCUGAAGA,UGUGAUGAAACACUCAUGGUCUGAAGACUCCC
