  chain_1,chain_2,chain_1_seq,chain_2_seq
7D4I_chain_3A,7D4I_chain_5A,UCGACGUACUUCAAGGAUCAUUUCUAUAGGAAUCGUCACUCUUUGACUCUUCCCAACUUGGUUGAUGAGUCCCAUAACCUUUGUACCCCAGAGUGAGAAAGCUUGGCCGAAUCCUCGGUUCGGCCACUAUUGCCGUUGCAUUUUAUGGCGCGAUGAUCUUGACCCAUCCUAUCUUCGAAGAUAGGAUGGGUGGGUACAAAUGGCAGUCUGACAAGU,UGCGAAAGCAGUUGAAGACAAGUGGCUUGUCGUUCGUUAAAAUGGCCUCGUCGCGAAGGGGAAACUCAAAGAGUGCUAUCGGAGUGCGCGAGAGCAUUUCCGGCAGCAGAUCAGCUGU
7D5S_chain_3A,7D5S_chain_5A,GUCGACGUACUUCAUAGGAUCAUUUCUAUAGGAAUCGUCACUCUUUGACUCUUCAAAAGAGCCACUGAAUCCAACUUGGUUGAUGAGUCCCAUAACCUUUGUACCCAGUGAGAAAUUGCCGUUGCUAUGGCGCGAUGAUCACCCAUGGGUGGGUACAAAUGGCAGUCUGACAAGU,UGCGAAAGCAGUUGAAGACAAGUGGCUUGUCGUUCGUUAAAAUGGCCUCGUCAAACGGUGGAGAGAGUCGCUAGGUGAUCGUCAGAUCUGCCUAGUCUCUAUACAGCGUGUUUAAUUGACAUGGGUUGAUGCGUAUUGAGAGAUACAAUUUGGGAAGAAAUUCCCAGAGUGUGUUUCUUUUGCGUUUAACCUGAACAGUCUCAUCGUGGGCAUCUUGCGAUUCCAUUGGUGAGCAGCGAAGGAUUUGGUGGAUUACUAGCUAAUAGCAAUCUAUUUCAAAGAAUUCAAACUUGGGGGAAUGCCUUGUUGAAUAGCCGGUCGCAAGACUGUGAUUCUUCAAGUGUAACCUCCUCUCAAAUCAGCGAUAUCAAACGUACCACCGUGAAACACCGGGGUAUCUGUUUGGUGGAACCUGAUUAGAGGAAACUCAAAGAGUGCUAUGGUAUGGUGACGGAGUGCGCUGGUCAAGAGUGUAAAAGCUUUUUGAACAGAGAGCAUUUCCGGCAGCAGAGAUUUCAGCUGU
7D5T_chain_3A,7D5T_chain_5A,UCGACGUACUUCAAGGAUCAUUUCUAUAGGAAUCGUCACUCUUUGACUCUUCCCAACUUGGUUGAUGAGUCCCAUAACCUUUGUACCCCAGAGUGAGAAAUUGCCGUUGCAUUUUAUGGCGCGAUGAUCUUGACCCAUGGGUGGGUACAAAUGGCAGUCUGACAAGU,GGAAACUCAAAGAGUGCUAUCGGAGUGCGCGAGAGCAUUUCCG
7D63_chain_3A,7D63_chain_5A,GUCGACGUACUUCAUAGGAUCAUUUCUAUAGGAAUCGUCACUCUUUGACUCUUCAAAAGAGCCACUGAAUCCAACUUGGUUGAUGAGUCCCAUAACCUUUGUACCCAGUGAGAAAUUGCCGUUGCUAUGGCGCGAUGAUCACCCAUGGGUGGGUACAAAUGGCAGUCUGACAAGU,UGCGAAAGCAGUUGAAGACAAGUGGCUUGUCGUUCGUUAAUGGCCUCGUCCAGCGAAGGAUUUGGUGGAUUACUAGCUAAUAGCAAUCUAGGAAACUCAAAGAGUGCUAUGGUAUGGUGACGGAGUGCGCUGGUCAAGAGUGUAAAAGCUUUUUGAACAGAGAGCAUUUCCGGCAGCAGAGAUUUCAGCUGU
7SUK_chain_L0,7SUK_chain_L2,GAAGACAAGUGCUUGUCGUUCGUUAAUGGCCUCGUCAAACGGUGGAGAGAGUCGCUAGGUGAUCGUCAGAUCUGCCUAGUCUCUAUACAGCGUGUUUAAUUGACAUGGGUUGAUGCGUAUUGAGAGAUACAAUUUGGGAAGAAAUUCCCAGAGUGUGUUUCUUUUGCGUUUAACCUGAACAGUCUCAUCGUGGGCAUCUUGCGAUUCCAUUGGUGAGCAGCGAAGGAUUUGGUGGAUUACUAGCUAAUAGCAAUCUAUUUCAAAGAAUUCAAACUUGGGGGAAUGCCUUGUUGAAUAUUCUUCAAGUGUAACCUCCUCUCAAAUCAGCGAUAUCAAACGUACCCCGUGAAACACCGGGGUAUCUGUUUGGUGGAACCUGAUUAGAGGAAACUCAAAGAGUGCUAUGGUAUGGUGACGGAGUGCGCUGGUCAAGAGUGUAAAAGCUUUUUGAACAGAGAGCAUUUCCGGCAGCAGAGAUUUCAGCUGUU,GUCGACGUACUUCAUAGGAUCAUUUCUAUAGGAAUCGUCACUCUUUGACUCUUCAAAAGAGCCACUGAAUCCAACUUGGUUGAUGAGUCCCAUAACCUUUGUACCCAGUGAGAAACCGUAUGGCGCGAUGAUCUACCCAUGGGUGGGUACAAAUGGCAGUCUGACAAGU
7W59_chain_G,7W59_chain_F,GUAAGAGCCUAGCAUGUAGAACUGGUUACCUCCAGGGUUUCCUUGAUGAUGUCAUACUUAUCCUGUACAGCUCGCGGUUGAG,GUGCUCGCUUCGGCAGCACAUAUACUAAAAUUGGAACGAUACAGAGAAGAUUAGCAUGGCCCCUGCGCAAGGAUGACACGCAAAUUCGUGAAGCGUU
7W59_chain_G,7W59_chain_H,GUAAGAGCCUAGCAUGUAGAACUGGUUACCUCCAGGGUUUCCUUGAUGAUGUCAUACUUAUCCUGUACAGCUCGCGGUUGAG,AUCGCUUCUCGGCCUUUUGGCUAAGAUCAAGUGUAGUAUCUGUUCUUUUAAUAUCGUCCUCUACCGAGGACAAUAUUAAGGAUUUUUGGAGCAGGGAGCCACGCAUCGACCUGGUAUUGCAGUACCUCCAGGAACGGUGC
7W59_chain_F,7W59_chain_H,GUGCUCGCUUCGGCAGCACAUAUACUAAAAUUGGAACGAUACAGAGAAGAUUAGCAUGGCCCCUGCGCAAGGAUGACACGCAAAUUCGUGAAGCGUU,AUCGCUUCUCGGCCUUUUGGCUAAGAUCAAGUGUAGUAUCUGUUCUUUUAAUAUCGUCCUCUACCGAGGACAAUAUUAAGGAUUUUUGGAGCAGGGAGCCACGCAUCGACCUGGUAUUGCAGUACCUCCAGGAACGGUGC
7W5A_chain_F,7W5A_chain_G,GUGCUCGCUUCGGCAGCACAUAUACUAAAAUUGGAACGAUACAGAGAAGAUUAGCAUGGCCCCUGCGCAAGGAUGACACGCAAAUUCGUGAAGCGUU,GUAAGAGCCUAGCAUGUAGAACUGGUUACCUCCAGGGUUUCCUUGAUGAUGUCAUACUUAUCCUGUACAGCUCGCGGUUGAG
5GMK_chain_L,5GMK_chain_M,ACGAAUCUCUUUGCCUUUUGGCUUAGAUCAAGUGUAGUAUCUGUUCUUUGUAACAACUAAUGACCUCAGAGGCUCAAUUUGUUACAAUACAUUUUUUGGCACCGCGACCCUCGCACUUGUGGAGUCG,UUUUAAGAACUAGAUACUAACACAUUUUU
5LJ3_chain_I,5LJ3_chain_Z,GUAUGUCUAAAUGCUCUUAUUUACUAACAAAAU,GAAUCUCUUUGCCUUUUGGCUUAGAUCAAGUGUAGUAUCUGUUCUUGUAACAACUGAAAUGACCUAGGCUCAUUGUUACAAUACACAUUUUUUGGGGACGGGAAGAGGAGACGUCGCGACCCUCGCAGAGUCGUUCUUGACUUGGUCGCUUGAUGUUUCUUCUUCCCGUUC
5LQW_chain_2,5LQW_chain_9,GAAUCUCUUUGCCUUUUGGCUUAGAUCAAGUGUAGUAUCUGUUCUUUUCAGUGUAACAACUGAAAUGACCUCAAUGAGGCU,CUGAAUUAACAAUGGAUUCUGGUAUGUUCUGUACUAACAUCGAUUGCUUCAUUC
5MQF_chain_2,5MQF_chain_6,CGCUUCUCGGCCUUUUGGCUAAGAUCAAGUGUAGUAUCUGUUCUUAUCAGUUUAAUAUAUAUUAAAUGGAUUUUUGGAGCAGGGAGAUGGAGUCCACUCCACGCAUCGACCUGGUAUUGCAGUACCUCCAGGAACGGUGC,GUGCUCGCUUCGGCAGCACAUAUACUAAACGAUACAGAGAAGAUUAGCAUGGCCCCUGCGCAAGGAUGACACGCAAAUUCGUGAAGCGU
5NRL_chain_2,5NRL_chain_6,GAAUCUCUUUGAAGUGUAGUAUCUGUUCUUUUCAGUGUAACAACUGAAAUGACCUAGGCUCAUACACAUUUUUUGGCAGGACGGGAAGAGGAGACGUCGCGACCCUCGCACGAGUCGUUCUUGACUUGGUCGCUUGAUGUUUCUUCUUCCCGUUC,GUUCGCGAACUUCGUGGACAUUUGGUCAAUUUGAAACAAUACAGAGAUCAGCAGUUCCCCUGCAUAAGGAUGAACCGUUCAAAGAGAUUUGUUUU
5NRL_chain_2,5NRL_chain_I,GAAUCUCUUUGAAGUGUAGUAUCUGUUCUUUUCAGUGUAACAACUGAAAUGACCUAGGCUCAUACACAUUUUUUGGCAGGACGGGAAGAGGAGACGUCGCGACCCUCGCACGAGUCGUUCUUGACUUGGUCGCUUGAUGUUUCUUCUUCCCGUUC,UCUCUUCUCUUAUUUACUAACAAAAUCAA
5NRL_chain_4,5NRL_chain_6,AUCCUUAUGCACGGGAAAUACGCAUAUCAGUGAGGAUUCGUCCGAGAUUGUGUUUUUGCUGGUUGAAAUAAUUAUAACUCCUCAUGGUCAGACUAUGUAGGGAAUUUUUGGAAU,GUUCGCGAACUUCGUGGACAUUUGGUCAAUUUGAAACAAUACAGAGAUCAGCAGUUCCCCUGCAUAAGGAUGAACCGUUCAAAGAGAUUUGUUUU
5WSG_chain_E,5WSG_chain_L,GUUCGCGAAGUAACCCUUCGUGGACAUUUGGUCAAUUUGAAACAAUACAGAGAUGAUCAGCAGUUCCCCUGCAUAAGGAUGAACCGUUUUACAAAGAGAUUUA,ACGAAUCUCUUUGCCUUUUGGCUUAGAUCAAGUGUAGUAUCUGUUCUUUUCAACAUUUUUUGGCACCGCGACCCUCGCACUUGUGGAGUCG
5WSG_chain_L,5WSG_chain_M,ACGAAUCUCUUUGCCUUUUGGCUUAGAUCAAGUGUAGUAUCUGUUCUUUUCAACAUUUUUUGGCACCGCGACCCUCGCACUUGUGGAGUCG,UUUUAAGAACUAGAUACUAACAC
5Y88_chain_D,5Y88_chain_E,GUUCGCGAAGUAACCCUUCGUGGACAUUUGGUCAAUUUGAAACAAUACAGAGAUGAUCAGCAGUUCCCCUGCAUAAGGAUGAACCGUUUUACAAAGAGAUU,GUAUGUAUUUAUUUUUAGAUACUAACAC
5Y88_chain_E,5Y88_chain_F,GUAUGUAUUUAUUUUUAGAUACUAACAC,ACGAAUCUCUUUGCCUUUUGGCUUAGAUCAAGUGUAGUAUCUGACAUUUUUUGGCACCGCGACCCUCGCACUUGUGGAGUCG
5ZWM_chain_F,5ZWM_chain_H,GUUCGCGAAAUUUUACUUCGUGGACAUUUGGUCAAUUUGAAACAAUACAGAAUCAGCAGUUCCCCUGCAUAAGGAUGAACCGUCAAAGAGAUUUGUUUU,GAAUCUCUUUGAGUGUAGUAUCUGUUCUUUUCAGUGUAACAACUGAAAUGACCUAGGCUCAUACAUUUUUUGGCACGGACGGGAAGAGGGUGGCGCUGCAAGAGGAAGUUUUUCGAUUGUUGAUUUUCCUUUUGAAGUGUCCUCGAGACGUCGCGACCCUCGGAGUCGUUCUUGACUUGGUCGCUUGAUGUUUCUUCUUCCCGUUC
5ZWM_chain_F,5ZWM_chain_I,GUUCGCGAAAUUUUACUUCGUGGACAUUUGGUCAAUUUGAAACAAUACAGAAUCAGCAGUUCCCCUGCAUAAGGAUGAACCGUCAAAGAGAUUUGUUUU,AUCCUUAUGCACGGGAAAUACGCAUAUCAGUGAGGAUUCGUCCGAGAUUGUGUUUUUGCUGGUUUAAUUAUAACUCCUCAUGGUCAGACUAUGUAGGGAAUUUUUGGAAU
5ZWM_chain_G,5ZWM_chain_H,AAAAAAAAAAAACUAGAUACUAACACAUUUAAUUUUUUUUUGUU,GAAUCUCUUUGAGUGUAGUAUCUGUUCUUUUCAGUGUAACAACUGAAAUGACCUAGGCUCAUACAUUUUUUGGCACGGACGGGAAGAGGGUGGCGCUGCAAGAGGAAGUUUUUCGAUUGUUGAUUUUCCUUUUGAAGUGUCCUCGAGACGUCGCGACCCUCGGAGUCGUUCUUGACUUGGUCGCUUGAUGUUUCUUCUUCCCGUUC
6AH0_chain_F,6AH0_chain_H,GUGCUCGCUUCGGCAGCACAGAAGAUUAGCAUGGCCCCUGCGCAAGGAUGAUUCGUGAAGCGUAUUUUU,CGCUUCUCGGCCAGUGUAGUAUCUGUUCUUAUCAGUUUAAUAUCUGAUGGAUUUUUGGAGCAGGGAGCCACGCAUCGACCUGGUAUUGCAGUACCUCCAGGAACGGUGC
6AH0_chain_F,6AH0_chain_I,GUGCUCGCUUCGGCAGCACAGAAGAUUAGCAUGGCCCCUGCGCAAGGAUGAUUCGUGAAGCGUAUUUUU,AGCUUUGCGCAGUGGCAAUCGUAGCCAAUGAGGUCUAUCCGAGGCGCGAUUGCUAAUUGCCGCCGUGACGACUUGCAAUAUAGUCGGCACUGGCAAUUUUUGACAGUCUCGAGACUG
6AHD_chain_G,6AHD_chain_H,GGCCUCCGAACGGUAAGAGCCUAGCAUGUAGAACUUUUCCUUGAUGAUGUCAUACUUAUCCUGUCCCUUUUUUUUCC,CGCUUCUCGGCCAGUGUAGUAUCUGUUCUUAUCAGUUUAAUAUCUGAUGGAUUUUUGGAGCAGGGAGCCACGCAUCGACCUGGUAUUGCAGUACCUCCAGGAACGGUGC
6EXN_chain_2,6EXN_chain_6,GAAUCUCUUUGCCUUUUGGCUUAGAUCAAGUGUAGUAUCUGUUCUUUGUAACAUGUUACAAUACCAUUUUUUGGCAGGACGGGAAGAGGAGACGUCGCGACCCUCGCAGGUCGCUUGAUGUUUCUUCUUCCCGUUC,GUUCGCGAAGUAACCCUUCGUGGACAUUUGGUCAAUUUGAAACAAUACAGAGAUGAUCAGCAGUUCCCCUGCAUAAGGAUGAACCGUUUUACAAAGAGAUUU
6EXN_chain_2,6EXN_chain_I,GAAUCUCUUUGCCUUUUGGCUUAGAUCAAGUGUAGUAUCUGUUCUUUGUAACAUGUUACAAUACCAUUUUUUGGCAGGACGGGAAGAGGAGACGUCGCGACCCUCGCAGGUCGCUUGAUGUUUCUUCUUCCCGUUC,GUAUGUCUAAAGUUAGCUCUUAUUUACUAACAAACUAG
6FF4_chain_2,6FF4_chain_Z,CGCUUCUCGGCCUUUUGGCUAAGAUCAAGUGUAGUAUCUGUUCAUCAGUUUAAUAUCUGA,CGCCGCCAAGGUAUGUAUCAAGCUUACAAGUUAUGUAUUUACUGACCU
6J6G_chain_B,6J6G_chain_L,ACAAUGGAUUCUGGUAUGUUCUAGCGCUUGUACUAAGUCUCAUGUACUAACAUCGAUUGC,ACGAAUCUCUUUGCCUUUUGGCUUAGAUCAAGUGUAGUAUCUGUUCUUUUCAUGUAACAACUAAUGACCUCAGAGGCUCAAUUUGUUACAAUACACAUUUUUUGGCACCCAAAAUAGGACGGGAAGAGACUUUUAAAGUGAGACGUCGCGACCCUCGCAGGAGUCGUUCUUGACUUUUUGGUCGCUUGAUGUUUCUCUCUUCCCGUUC
6J6N_chain_B,6J6N_chain_L,GUGAUCUAGAAAGGUAUGUCUAAAGUUACUUAUGCUCUUAUUUACUAACAAAAUCAA,ACGAAUCUCUUUGCCUUUUGGCUUAGAUCAAGUGUAGUAUCUGUUCAGUGUAACAACUAAUGACCUCAGAGGCUCAUAUUUGUUACAAUACACAUUUUUUGGCACCCAAAAUAGGACGGGAAGAGACUUUUAAAGUGAGACGUCGCGACCCUCGCAGGAGUCGUUCUUGACUUUUUGGUCGCUUGAUGUUUCUCUCUUCCCGUUC
6QDV_chain_2,6QDV_chain_6,AUCGCUUCUCGGCCUUUUGGCUAAGAUCAAGUGUAGUAUCUGUUCUUAUCAGUUUAAUAUAUAUUAAAAGAUUUUUGGAACUGCAUCGACCUGGUAUUGCAGUACCUCCAGGAACGGUGC,GUGCUCGCUUCGGCAGCACAUAUACUAAAAUUGGAACGAUACAGAGAAGAUUAGCAUGGCCCCUGCGCAAGGAUGACACGCAAAUUCGUGAAGCGUU
6QDV_chain_2,6QDV_chain_I,AUCGCUUCUCGGCCUUUUGGCUAAGAUCAAGUGUAGUAUCUGUUCUUAUCAGUUUAAUAUAUAUUAAAAGAUUUUUGGAACUGCAUCGACCUGGUAUUGCAGUACCUCCAGGAACGGUGC,GUAAGAGCCUAGCAUGUAGAAUGAUGUCAUACUUAUCCUCAG
6QX9_chain_6,6QX9_chain_2,UUGGAAAAGAUUAGCAUGGCCCCUGCGCAAGGAUGACUUCGUGAAGCGAUUUU,CGCUUCUCGGCUGUAGUAUCUGUUCUUAUCAGUUUAAUAUCUGAUAGAUUUUUGGAGCAUCGACCUGGUAUUGCAGUACCUCCAGGAACGGUGC
6QX9_chain_6,6QX9_chain_4,UUGGAAAAGAUUAGCAUGGCCCCUGCGCAAGGAUGACUUCGUGAAGCGAUUUU,AGCUUUGCGCAGUGGCAGUAUCGUAGCCAAUGAGGUUUAUCCGAGGCGCGAUUUGCUAAUUGAAAACUUCCCAAUAGCCGUGACGACUAGUCGGCAUUGGCAAUUUUUGACAGUCUCGAGACUGG
7ABI_chain_6,7ABI_chain_2,GUGCUCGCUUCGGCAGCACAUAUACUAAAAUUGGAACGAUACAGAGAAGAUUAGCAUCCCCUGCGCAAGGAUGACGCAAAUUCGUGAAGCG,CGCUUCUCGGCCUUUUGGCUAAGAUCAAGUGUAGUAUCUGUUCUUAUCAGUUUAAUAUCUGAUGUCCUCGAGGACAGGAUUUUUGGAGCAGGGAGAUGGAAUAGGAGCUUGCUCCGUCCACUCCACGCAUCGACCUGGUAUUGCAGUACCUCCAGGAACGGUGC
7B9V_chain_2,7B9V_chain_6,AAUCUCUUUGCCUUUUGGCUUAGAUCAAGUGUAGUAUCUGUUCUUGUAACAAGACCUCAAUGAGGCUCUUGUUACAAUACACAUUUUUUGGCACCUGGACGGGAAGAGACUUUUUAUAAAGUGAGACGUCGCGACCCUCGCACUGGAGUCGUUCUUGACUUUUACUUUGGUCGCUUGAUGUUUCUCUUCCCGUUCG,GUUCGCGAAGUAACCCUUCGUGGACAUUUGGUCAAUUUGAAACAAUACAGAGAUGAUCAGCAGUUCCCCUGCAUAAGGAUGAACCGUUUUACAAAGAGAUUU
7DCO_chain_F,7DCO_chain_H,GUUCGCGAAGUAACCCUUCGUGGACAUUUGGUCAAUUUGAAACAAUACAGAGAUGAUCAGCAGUUCCCCUGCAUAAGGAUGAACCGUUUUACAAAGAGAUUUA,ACGAAUCUCUUUGCCUUUUGGCUUAGAUCAAGUGUAGUAUCUGUUCUUUUCAGUGUAACAACUGAAAUGACCUAGGCUCAUACAUUUUUUGGCACGGACGGGAAGAGGAGACGUCGCGACCCUCGGAGUCGUUCUUGACUUGGUCGCUUGAUGUUUCUUCUUCCCGUUC
7DVQ_chain_G,7DVQ_chain_H,UCGGCCUCCGAAAUAUCCUUUUCUAGCAUGUGUCAUAUCCUUAACUCAUUGUCCCUUUUUUUU,AUGCCUUAAACUUAUGAGUAAGGAAAAUAACGAUUCGGGGUGACGCCCGAAGAAUUUUUGAGC
7OQB_chain_I,7OQB_chain_2,UUACUAAGUCUCAUGUACUACAU,GUGUAGUAUCUGUUCUUUUCAGUGUAACAACUGAAAUGACCUCGAGGCUCAUACACAUUUUUUGGCAGGACGGGAAGAGGAGACGUCGCGACCCUCGCAGAGUCGUUCUUGACUUGGUCGCUUGAUGUUUCUUCUUCCCGUUC
